{"cameraMode":{"drawMode":0,"name":"Shaded","section":"Shading Mode"},"sceneLighting":false,"audioPlay":false,"sceneViewState":{"m_AlwaysRefresh":false,"showFog":true,"showSkybox":false,"showFlares":true,"showImageEffects":true,"showParticleSystems":true,"showVisualEffectGraphs":true,"m_FxEnabled":true},"in2DMode":false,"pivot":{"x":2.2888870239257814,"y":141.20022583007813,"z":6.203239440917969},"rotation":{"x":-0.057638831436634067,"y":0.9184050559997559,"z":-0.3634226620197296,"w":-0.14555945992469788},"size":211.66358947753907,"orthographic":false}