{"cameraMode":{"drawMode":0,"name":"Shaded","section":"Shading Mode"},"sceneLighting":true,"audioPlay":false,"sceneViewState":{"m_AlwaysRefresh":false,"showFog":true,"showSkybox":true,"showFlares":true,"showImageEffects":true,"showParticleSystems":true,"showVisualEffectGraphs":true,"m_FxEnabled":true},"in2DMode":false,"pivot":{"x":-18.091388702392579,"y":-100.11071014404297,"z":-114.63123321533203},"rotation":{"x":-0.057638831436634067,"y":0.9184050559997559,"z":-0.3634226620197296,"w":-0.14555945992469788},"size":133.06478881835938,"orthographic":false}