{"cameraMode":{"drawMode":0,"name":"Shaded","section":"Shading Mode"},"sceneLighting":true,"audioPlay":false,"sceneViewState":{"m_AlwaysRefresh":false,"showFog":true,"showSkybox":true,"showFlares":true,"showImageEffects":true,"showParticleSystems":true,"showVisualEffectGraphs":true,"m_FxEnabled":true},"in2DMode":false,"pivot":{"x":-141.5696563720703,"y":659.3008422851563,"z":410.13397216796877},"rotation":{"x":-0.058410029858350757,"y":-0.10251951217651367,"z":0.0066067008301615719,"w":-0.9930889010429382},"size":93.92680358886719,"orthographic":false}